"","contag","shdi","shei","np","ed","forest_area_mn","forest_cpland","forest_ed","forest_enn_mn","forest_np","forest_pd","forest_pland","forest_te","mosaic_area_mn","mosaic_ed","mosaic_enn_mn","mosaic_np","mosaic_pd","mosaic_pland","mosaic_te","pasto_area_mn","pasto_ed","pasto_enn_mn","pasto_np","pasto_pd","pasto_pland","pasto_te","silviculture_area_mn","silviculture_ed","silviculture_enn_mn","silviculture_np","silviculture_pd","silviculture_pland","silviculture_te","water_pland","grassland_area_mn","grassland_pland","agriculture_area_mn","agriculture_ed","agriculture_enn_mn","agriculture_np","agriculture_pd","agriculture_pland","agriculture_te","n_obs_pland","non_veg_pland","Elev_m1","NaturalAreas"
"b_100_800",39.8698434227955,0.94126071310412,0.85677242355012,22,70.3090013434841,24.3,25.2575011195701,40.4537990744887,110.710678118655,3,1.49276011344977,36.2740707568294,8130,1.416,53.8886400955366,121.49426072753,15,7.46380056724884,10.5687416032244,10830,26.7075,46.2755635169428,135.396677722695,4,1.99034681793302,53.1571876399463,9300,0,0,0,0,0,0,0,0,0,0,0,0,0,0,0,0,0,0,0,877.633972167969,0
"b_101_800",61.7396751238539,0.851167282502502,0.528859967772975,23,76.1776982707215,4.725,7.3345259391771,29.3679189028026,193.8440281504,6,2.98151460942159,14.087656529517,5910,2.31428571428571,69.1711389385808,99.6204252239206,14,6.9568674219837,16.1001788908766,13920,139.59,51.4311270125224,0,1,0.496919101570264,69.3649373881932,10350,0.45,1.49075730471079,0,1,0.496919101570264,0.223613595706619,300,0.223613595706619,0,0,0,0,0,0,0,0,0,0,0,882.5009765625,0
"b_103_800",80.6810086689646,0.163023629494366,0.235193381819242,5,20.1252236135957,193.5,85.6440071556351,20.1252236135957,0,1,0.496919101570264,96.1538461538461,4050,1.935,20.1252236135957,158.120718977237,4,1.98767640628106,3.84615384615385,4050,0,0,0,0,0,0,0,0,0,0,0,0,0,0,0,0,0,0,0,0,0,0,0,0,0,0,86.2873497009278,0
"b_105_800",39.6749894132802,0.850925703372826,0.774545954154979,33,99.0691805334597,134.994950499373,47.0765262252794,75.216482709312,0,1,0.498091940252869,67.2398968185727,15100.9234702988,1.26881443244295,74.7774760008844,105.387445203798,20,9.96183880505739,12.6397248495271,15012.7857846729,3.36624237178743,48.144402356723,110.179431055462,12,5.97710328303443,20.1203783319003,9665.76619012973,0,0,0,0,0,0,0,0,0,0,0,0,0,0,0,0,0,0,0,184.117500305176,0
"b_10_800",65.5362208522263,0.84676775926241,0.435152547857101,29,101.073345259392,33.3675,43.0679785330948,92.7251043530113,66.2132034355964,4,1.98767640628106,66.3237924865832,18660,1.116,16.2492546213476,184.249223594996,5,2.48459550785132,2.77280858676208,3270,0,0,0,0,0,0,0,6.32,73.9415623136553,92.3825888070629,9,4.47227191413238,28.2647584973166,14880,1.96779964221825,0.135,0.134168157423971,0.63,2.38521168753727,0,1,0.496919101570264,0.313059033989267,480,0.223613595706619,0,998.890014648438,66.4579606440072
"b_110_800",47.1523190769065,1.27331346962241,0.710649778327104,32,129.753914988814,31.53,28.6353467561521,81.8791946308725,117.522458442801,3,1.49142431021626,47.0246085011186,16470,3.97285714285714,112.602535421327,77.3653437100749,14,6.95998011434253,27.6510067114094,22650,3.31,41.9090231170768,184.060605419799,9,4.47427293064877,14.8098434004474,8430,0,0,0,0,0,0,0,0.58165548098434,1.08,0.536912751677852,0,0,0,0,0,0,0,0,9.39597315436242,33.1822004318237,47.5615212527964
"b_114_800",62.9485362215549,0.538762972399947,0.490403191332504,17,50.6272401433692,84.87,70.1164874551971,39.426523297491,84.8528137423857,2,0.995619275189168,84.4982078853047,7920,1.72,38.9784946236559,109.510507341594,9,4.48028673835125,7.70609318996416,7830,2.61,22.8494623655914,278.493417885634,6,2.9868578255675,7.79569892473118,4590,0,0,0,0,0,0,0,0,0,0,0,0,0,0,0,0,0,0,0,465.651000976562,0
"b_115_800",58.7532129239646,0.856144926399673,0.531952751818085,40,100,34.74,52.152466367713,65.1718983557549,97.9632944758503,4,1.99302441454908,69.237668161435,13080,1.44375,86.2481315396114,69.5178978596364,24,11.9581464872945,17.2645739910314,17310,2.592,44.3946188340807,202.154328932551,10,4.9825610363727,12.914798206278,8910,0,0,0,0,0,0,0,0,0.63,0.31390134529148,0,0,0,0,0,0,0,0,0.269058295964126,451.088012695312,69.5515695067265
"b_11_800",67.4011359340498,0.758479010024595,0.423315195510796,24,82.9603103551179,20.7385714285714,52.7305282005372,78.3348254252462,72.4547758080418,7,3.48154779667761,72.2023276633841,15750,0.405,3.73022978215458,766.615940350838,2,0.994727941907888,0.402864816472695,750,0,0,0,0,0,0,0,6.55714285714286,50.8803342285885,112.716698913196,7,3.48154779667761,22.829006266786,10230,3.89435989256938,0.99,0.492390331244405,0,0,0,0,0,0,0,0.17905102954342,0,1001.22998046875,72.6947179946285
"b_122_800",44.0022027318779,1.08313547899547,0.781317092078831,27,86.3921217547001,13.8375,19.9641897940913,33.7212772306774,143.334961274492,4,1.98945588381578,27.5290957923008,6780,2.07529411764706,63.2646971053417,109.237696116494,17,8.45518750621705,17.5470008952551,12720,52.965,64.0107430617726,67.0820393249937,2,0.994727941907888,52.6857654431513,12870,0,0,0,0,0,0,0,0,1.125,2.23813786929275,0,0,0,0,0,0,0,0,0,60.3663997650146,29.7672336615936
"b_124_800",44.0368334684035,1.08426562066187,0.782132316967635,29,93.3393070489845,22.455,32.4372759856631,55.8542413381123,143.852549156242,4,1.99123855037834,44.7132616487455,11220,2.44,83.0346475507766,95.219363171219,18,8.96057347670251,21.8637992831541,16680,13.23,45.9976105137395,94.715066723906,5,2.48904818797292,32.9301075268817,9240,0,0,0,0,0,0,0,0,0.495,0.492831541218638,0,0,0,0,0,0,0,0,0,95.3013000488281,45.2060931899642
"b_126_800",52.3525670307986,1.02889078300558,0.639285787327757,31,100.566994926887,22.572,41.674127126231,61.0265592360489,61.4164078649987,5,2.48681985476972,56.1324977618621,12270,4.07769230769231,89.9731423455685,77.9723971306384,13,6.46573162240127,26.3652641002686,18090,2.99454545454545,45.3595941509997,164.131228280732,11,5.47100368049338,16.3831692032229,9120,0,0,0,0,0,0,0,0.805729632945389,0.63,0.313339301700985,0,0,0,0,0,0,0,0,0,189.917999267578,56.4458370635631
"b_127_800",48.0364442516624,1.13845602424929,0.707362499325931,30,106.27802690583,9.59142857142857,22.3766816143498,52.0179372197309,112.369476245541,7,3.48779272546089,33.4529147982063,10440,12.8057142857143,101.943198804185,80.7590007711892,7,3.48779272546089,44.6636771300448,20460,3.07384615384615,50.0747384155456,143.03135716798,13,6.47732934728451,19.9103139013453,10050,0,0,0,0,0,0,0,0.807174887892377,1.17,1.16591928251121,0,0,0,0,0,0,0,0,0,102.021003723145,34.6188340807175
"b_128_800",53.5628857414799,1.10973553025096,0.619355192094542,31,105.043270665473,8.1,10.787824529991,25.0671441360788,225.032156265385,4,1.98945588381578,16.1145926589078,5040,2.42357142857143,72.2172485825127,126.309916428315,14,6.96309559335522,16.8755595344673,14520,30.69,77.2903610862429,67.0820393249937,4,1.98945588381578,61.0564010743062,15540,0,0,0,0,0,0,0,0.223813786929275,1.935,1.92479856759176,1.275,21.187705162638,101.34413615168,6,2.98418382572367,3.80483437779767,4260,0,0,83.1103973388672,18.0393912264995
"b_129_800",38.9751418129158,1.19691754958619,0.863393506570481,28,95.0037285607755,18.5625,28.8143176733781,35.1976137211037,105.533008588991,4,1.98856574695501,36.9127516778523,7080,2.08125,66.3683818046234,76.519194163774,16,7.95426298782003,16.5548098434004,13350,20.475,67.1140939597315,172.065102592283,4,1.98856574695501,40.7158836689038,13500,0,0,0,0,0,0,0,0,2.925,5.8165548098434,0,0,0,0,0,0,0,0,0,90.6137008666992,42.7293064876958
"b_132_800",44.2144769718459,1.33084095664404,0.742756480152667,44,127.147766323024,8.064,13.1331241595697,32.1231137008815,165.093162795067,5,2.49016385278151,20.0806813088301,6450,2.45117647058824,82.3248169729568,86.5306014815125,17,8.46655709945714,20.7530255490811,16530,7.14461538461538,92.1858658299716,64.2498905837626,13,6.47442601723193,46.2572837292694,18510,0,0,0,0,0,0,0,0.313760645450471,4.446,11.0712684894666,1.02,8.66577020767967,202.878058300276,3,1.49409831166891,1.52398027790229,1740,0,0,66.7661991119384,31.1519497982967
"b_136_800",41.8676641338332,1.07961152672197,0.778775097844173,29,108.721624850657,10.24,31.5860215053763,59.2891278375149,131.102365586292,9,4.48028673835125,45.8781362007168,11910,6.57,99.910394265233,73.1475730333305,9,4.48028673835125,29.4354838709677,20070,4.896,56.4516129032258,95.6626056681685,10,4.97809637594584,24.3727598566308,11340,0,0,0,0,0,0,0,0.313620071684588,0,0,0,0,0,0,0,0,0,0,0,108.600997924805,0
"b_137_800",41.5245390123143,1.25425023420012,0.77930948718811,30,122.595078299776,6.24,16.7785234899329,51.6032811334825,112.859360922048,9,4.47427293064877,27.9194630872483,10380,10.6585714285714,108.426547352722,65.2974341892848,7,3.47999005717127,37.0917225950783,21810,7.6725,63.8329604772558,79.9717210350268,8,3.97713149391002,30.5145413870246,12840,0,0,0,0,0,0,0,2.9082774049217,0.7875,1.56599552572707,0,0,0,0,0,0,0,0,0,152.611999511719,29.4854586129754
"b_138_800",45.9644319584911,1.04841802084082,0.756273739722834,21,90.4889683959451,14.0657142857143,37.432915921288,53.6672629695885,147.683205800707,7,3.47843371099185,48.9266547406082,10800,11.25,88.5509838998211,83.8391446781618,6,2.98151460942159,33.5420393559928,17820,5.67,35.9272510435301,97.0112127540016,6,2.98151460942159,16.9051878354204,7230,0,0,0,0,0,0,0,0.626118067978533,0,0,0,0,0,0,0,0,0,0,0,82.0003967285156,0
"b_140_800",77.2363390998526,0.378417471513576,0.344450426612601,8,21.4957456336767,181.26,81.3255709807434,14.0319450664278,0,1,0.497586704483256,90.192566054635,2820,1.08,17.9131213613972,88.8999229583518,5,2.48793352241628,2.68696820420958,3600,7.155,11.0464248395283,218.403296678416,2,0.995173408966512,7.1204657411554,2220,0,0,0,0,0,0,0,0,0,0,0,0,0,0,0,0,0,0,0,60.2901000976562,0
"b_142_800",77.9263804441241,0.412411065577061,0.297491699557879,11,37.3692077727952,178.2,76.9955156950673,31.0911808669656,0,1,0.49825610363727,88.7892376681614,6240,3.762,33.3333333333333,255.768961125572,5,2.49128051818635,9.37219730941704,6690,0.585,4.03587443946188,737.902432574931,2,0.996512207274539,0.582959641255605,810,0,0,0,0,0,0,0,0,0.84,1.25560538116592,0,0,0,0,0,0,0,0,0,1156.73999023438,90.0448430493274
"b_144_800",95.712160713538,0.040287381596935,0.0581224056402994,3,3.28260220829603,199.71,92.1217547000895,3.28260220829603,0,1,0.497363970953944,99.3285586392122,660,0.675,3.28260220829603,818.840643837371,2,0.994727941907888,0.671441360787825,660,0,0,0,0,0,0,0,0,0,0,0,0,0,0,0,0,0,0,0,0,0,0,0,0,0,0,298.428009033203,0
"b_145_800",85.3828568403307,0.118954016308967,0.171614369422771,5,15.2466367713004,195.57,87.3991031390135,15.2466367713004,0,1,0.49825610363727,97.4439461883408,3060,1.2825,15.2466367713004,134.164078649987,4,1.99302441454908,2.55605381165919,3060,0,0,0,0,0,0,0,0,0,0,0,0,0,0,0,0,0,0,0,0,0,0,0,0,0,0,1741.53002929688,0
"b_146_800",50.8705316407503,0.753288141496404,0.685672415342854,20,66.6069295101553,148.32,59.6774193548387,52.2700119474313,0,1,0.497809637594584,73.8351254480287,10500,1.72384615384615,60.1851851851852,85.3619459586329,13,6.47152528872959,11.1559139784946,12090,5.025,20.7586618876941,297.889231567804,6,2.9868578255675,15.0089605734767,4170,0,0,0,0,0,0,0,0,0,0,0,0,0,0,0,0,0,0,0,949.45748901367,0
"b_148_800",37.938224774676,0.936735776226979,0.852653648506536,17,84.675014907573,5.205,8.98926654740608,32.7966607036374,188.902412328284,6,2.98151460942159,15.5187835420394,6600,6.06375,80.0536672629696,134.155331733915,8,3.97535281256211,24.1055456171735,16110,40.5,56.4997018485391,112.11102550928,3,1.49075730471079,60.3756708407871,11370,0,0,0,0,0,0,0,0,0,0,0,0,0,0,0,0,0,0,0,886.326995849609,0
"b_149_800",47.7794691216075,0.961598474445641,0.693646675204559,25,97.1786833855799,22.824,41.1106135244066,63.1437527989252,87.6067569569492,5,2.48793352241628,56.7845947156292,12690,1.73571428571429,70.756829377519,104.694774038387,14,6.96621386276559,12.0913569189431,14220,12.348,57.1727123451261,127.279220613579,5,2.48793352241628,30.7210031347962,11490,0,0,0,0,0,0,0,0,0.81,0.403045230631438,0,0,0,0,0,0,0,0,0,899.210998535156,57.1876399462606
"b_150_800",38.5700058276402,0.963226478241429,0.87676652462097,21,68.3109118086697,12.975,27.1748878923767,47.2346786248132,146.730130804953,6,2.98953662182362,38.7892376681614,9480,2.09454545454545,47.2346786248132,99.7877149060981,11,5.48081714000997,11.4798206278027,9480,24.9525,42.152466367713,111.663042087536,4,1.99302441454908,49.7309417040359,8460,0,0,0,0,0,0,0,0,0,0,0,0,0,0,0,0,0,0,0,984.287994384764,0
"b_151_800",44.5436151363302,0.899819849273138,0.819051323705858,22,59.7371565113501,60.12,47.2222222222222,43.7574671445639,339.411254969543,2,0.995619275189168,59.8566308243728,8790,1.19117647058824,51.8219832735962,75.4060877011474,17,8.46276383910793,10.0806451612903,10410,20.13,23.89486260454,448.918412042694,3,1.49342891278375,30.0627240143369,4800,0,0,0,0,0,0,0,0,0,0,0,0,0,0,0,0,0,0,0,983.1669921875,0
"b_152_800",49.9462998064913,0.946896843181117,0.683041689945406,30,83.1467383191521,9.87,18.6296462158531,46.8726675623227,86.7004637770997,6,2.98552022689954,29.4670846394984,9420,1.155,58.8147484699209,92.6518049436346,18,8.95656068069861,10.3448275862069,11820,39.72,55.0828481862965,62.3606797749979,3,1.49276011344977,59.2924317062248,11070,0,0,0,0,0,0,0,0,0.6,0.895656068069861,0,0,0,0,0,0,0,0,0,947.025024414061,30.3627407075683
"b_153_800",53.0195955374008,0.863919544353181,0.623186221182694,23,83.9683251157926,21.3075,27.4316450022411,63.0509487524279,99.6403746433953,4,1.99213108222521,42.4473330345137,12660,0.81,26.2961302853728,266.566603824806,10,4.98032770556303,4.03406544150605,5280,0.27,5.22934409084118,417.055350807802,5,2.49016385278151,0.672344240251009,1050,0,0,0,0,0,0,0,0,26.5275,52.8462572837293,0,0,0,0,0,0,0,0,0,1723.96997070312,95.2935903182429
"b_154_800",32.9957641111187,0.97752402522331,0.889780712728419,25,104.446433900328,4.14,7.78871978513877,44.762757385855,175.607160225748,8,3.97891176763155,16.4726947179946,9000,6.17,99.8209489704566,114.255900955244,9,4.4762757385855,27.6186213070725,20070,14.05125,64.309161444345,91.6561389797254,8,3.97891176763155,55.9086839749328,12930,0,0,0,0,0,0,0,0,0,0,0,0,0,0,0,0,0,0,0,636.736999511719,0
"b_155_800",39.9241368440503,0.975811210876085,0.888221641921645,14,64.5497912939773,16.08,17.0393559928444,23.8521168753727,403.112887414928,3,1.49075730471079,23.9713774597496,4800,4.725,60.8228980322004,134.346450588685,8,3.97535281256212,18.783542039356,12240,38.4,44.4245676803816,98.5730076213408,3,1.49075730471079,57.2450805008945,8940,0,0,0,0,0,0,0,0,0,0,0,0,0,0,0,0,0,0,0,620.658996582031,0
"b_157_800",49.6333684967521,0.799680229059789,0.727900313248155,17,54.6594982078853,4.2,7.61648745519713,20.310633213859,226.822233479129,6,2.9868578255675,12.5448028673835,4080,3.66,48.984468339307,102.223909560014,9,4.48028673835125,16.3978494623656,9840,71.37,40.0238948626045,67.0820393249937,2,0.995619275189168,71.0573476702509,8040,0,0,0,0,0,0,0,0,0,0,0,0,0,0,0,0,0,0,0,497.876007080078,0
"b_158_800",30.3279376687996,1.0222276853031,0.930471737706834,28,104.791759964174,6.03,10.0761307657859,48.9625317211524,192.026275720523,7,3.48310693138279,21.0031347962382,9840,3.636,96.730855351545,101.280952942741,15,7.46380056724884,27.1383788625168,19440,17.37,63.8901328556501,101.225200952333,6,2.98552022689954,51.858486341245,12840,0,0,0,0,0,0,0,0,0,0,0,0,0,0,0,0,0,0,0,467.846984863281,0
"b_160_800",34.8748779225089,0.952571924009237,0.867068331416607,22,93.4886499402628,4.15,9.36379928315412,40.9199522102748,175.400618204413,9,4.48028673835125,18.5931899641577,8220,3.96818181818182,76.6129032258064,94.4284729928167,11,5.47590601354042,21.7293906810036,15390,59.94,69.4444444444444,120,2,0.995619275189168,59.6774193548387,13950,0,0,0,0,0,0,0,0,0,0,0,0,0,0,0,0,0,0,0,350.651000976562,0
"b_162_800",44.3968206589319,0.860939610801991,0.783661005508814,18,67.0249290938946,2.89125,5.50828481862965,26.8696820420958,194.646184529034,8,3.98069363586605,11.5091804746977,5400,6.51857142857143,60.7553366174056,72.951253459126,7,3.48310693138279,22.704881325571,12210,44.07,46.4248395282878,155.440997776296,3,1.49276011344977,65.7859381997313,9330,0,0,0,0,0,0,0,0,0,0,0,0,0,0,0,0,0,0,0,346.212005615234,0
"b_164_800",39.7296705470516,1.29222999907614,0.802907641911944,43,120.764293178086,19.512,33.0497089117779,67.1742051052396,99.7658590210898,5,2.48793352241628,48.5445588893865,13500,1.670625,68.9655172413793,101.152021716661,16,7.9613872717321,13.3004926108374,13860,4.3125,64.48723690103,135.187474751888,12,5.97104045379907,25.7501119570085,12960,0,0,0,0,0,0,0,0,3.906,9.717868338558,1.08,13.2855650097029,178.117412408164,5,2.48793352241628,2.68696820420958,2670,0,0,1197.98999023438,58.2624272279445
"b_169_800",69.6551540592115,0.6604709110832,0.410373650316407,22,56.4997018485391,3.348,3.30948121645796,22.6595110316041,454.314190173618,5,2.48459550785132,8.31842576028623,4560,0.864,26.6845557543232,121.774732543711,10,4.96919101570264,4.29338103756708,5370,83.07,46.0644007155635,67.0820393249937,2,0.993838203140529,82.5581395348837,9270,0,0,0,0,0,0,0,0.402504472271914,0,0,2.2275,15.2057245080501,142.13133464714,4,1.98767640628106,4.42754919499106,3060,0,0,968.189025878906,0
"b_175_800",57.8518762624381,0.98593240351508,0.612594245418243,27,70.747691391123,13.97,51.6532618409294,40.3634197199881,79.5723951611271,9,4.46827524575514,62.4218051831993,8130,14.73,66.7262436699434,94.7213595499958,3,1.48942508191838,21.9392314566577,13440,0.378,11.021745606196,182.96488518672,10,4.96475027306126,1.87667560321716,2220,0,0,0,0,0,0,0,0,0.225,0.223413762287757,0,0,0,0,0,0,0,0,13.5388739946381,933.43701171875,62.645218945487
"b_179_800",54.4646648264288,0.979113800187258,0.608357608965763,32,93.1065353625783,4.59,9.53446732318711,30.140256639809,128.412178864398,7,3.48154779667761,15.9803043867502,6060,1.932,68.7854371829305,83.9844869840765,15,7.46045956430916,14.4136078782453,13830,66.105,66.0996717397792,94.8683298050514,2,0.994727941907888,65.7564905998209,13290,0,0,0,0,0,0,0,0,0.27,0.134288272157565,1.06714285714286,20.2924500149209,164.256372021565,7,3.48154779667761,3.71530886302596,4080,0,0,1093.31994628906,16.1145926589078
"b_180_800",48.4105102361552,1.06923903301538,0.664355564607195,31,114.452423698384,10.962,13.3303411131059,69.868342309994,95.0497155177827,5,2.49351685617395,27.3339317773788,14010,1.51071428571429,58.3482944344704,125.496120768812,14,6.98184719728705,10.5475763016158,11700,0,0,0,0,0,0,0,1.17,6.58288450029922,276.586333718787,2,0.997406742469579,1.16696588868941,1320,0,28.98,57.8096947935368,1.05,22.591262716936,137.489842212348,6,2.99222022740874,3.14183123877917,4530,0,0,1955.65002441406,85.1436265709156
"b_187_800",31.5228740957149,1.20936385277173,0.872371616512076,48,138.044126416219,20.862,31.5295169946333,86.463923673226,76.2492235949962,5,2.48459550785132,51.8336314847943,17400,1.77,81.8425760286225,86.2657773378195,21,10.4353011329756,18.4704830053667,16470,2.02909090909091,45.169946332737,124.712834151258,11,5.46611011727291,11.0912343470483,9090,0,0,0,0,0,0,0,0,0,0,3.40363636363636,62.6118067978533,125.340509916917,11,5.46611011727291,18.6046511627907,12600,0,0,829.004028320312,0
"b_188_800",91.0439286423296,0.120124354674312,0.109341899697794,7,12.6998356491857,196.29,88.2563872702824,12.6998356491857,0,1,0.498032770556303,97.7588525324966,2550,0.666,9.41281936351412,162.230428862432,5,2.49016385278151,1.65844912595249,1890,0,0,0,0,0,0,0,0,0,0,0,0,0,0,0.582698341550874,0,0,0,0,0,0,0,0,0,0,0,714.676025390625,0
"b_189_800",38.3784571099641,1.07357448767968,0.774420294700189,52,126.998356491857,20.535,42.2232182877633,76.7966532197819,73.1720680758398,6,2.98819662333782,61.362617660242,15420,2.34,84.864784102794,92.1180844537775,15,7.47049155834454,17.4809502465262,17040,1.88357142857143,52.2934409084118,141.312463306356,14,6.97245878778824,13.1331241595697,10500,0,0,0,0,0,0,0,0,0,0,0.947647058823529,40.0418347527267,136.579952650946,17,8.46655709945714,8.02330793366204,8040,0,0,792.533020019531,0
"b_18_800",61.4953258431866,0.714304196721251,0.515261561147962,13,70.0418160095579,72.45,55.241935483871,58.6917562724014,60,2,0.995619275189168,72.1326164874552,11790,12.285,66.6069295101553,78.5903149846431,4,1.99123855037834,24.4623655913978,13380,1.026,11.0513739545998,183.941426801627,5,2.48904818797292,2.55376344086022,2220,0,0,0,0,0,0,0,0,0.855,0.851254480286738,0,0,0,0,0,0,0,0,0,13.9827995300293,72.983870967742
"b_190_800",66.7799170470841,0.725820409664836,0.450977576741131,32,62.0710235750522,80.64,67.4127126230976,39.2420173082662,67.0820393249937,2,0.994727941907888,80.2148612354521,7890,1.19769230769231,37.3022978215458,108.482999854898,13,6.46573162240127,7.74395702775291,7500,1.33714285714286,18.6511489107729,242.937506117137,7,3.48154779667761,4.65532676812892,3750,0,0,0,0,0,0,0,0,0.81,0.402864816472695,1.56,26.857654431513,179.314978882775,9,4.4762757385855,6.98299015219337,5400,0,0,868.372009277344,80.6177260519248
"b_197_800",56.3997209726918,0.888988161676341,0.641269406129726,21,54.4613548194569,6.22285714285714,14.5926589077887,31.781557743957,124.159554636331,7,3.48154779667761,21.6651745747538,6390,1.17818181818182,35.2133691435392,137.701312635033,11,5.47100368049338,6.44583706356311,7080,137.25,34.6165323783945,0,1,0.497363970953944,68.2632050134288,6960,3.645,7.31125037302298,90,2,0.994727941907888,3.62578334825425,1470,0,0,0,0,0,0,0,0,0,0,0,0,176.009994506836,0
"b_198_800",63.9890799384128,0.511763091232555,0.46582684037968,24,55.9534467323187,1.323,1.29811996418979,32.8260220829603,114.465457902294,10,4.97363970953944,6.58012533572068,6600,1.43181818181818,42.9722470904208,132.438063539554,11,5.47100368049339,7.83348254252462,8640,57.36,36.1086242912563,74.7213595499958,3,1.49209191286183,85.5863921217547,7260,0,0,0,0,0,0,0,0,0,0,0,0,0,0,0,0,0,0,0,163.522003173828,0
"b_199_800",43.7467273058273,0.838257310776704,0.76301468627568,24,74.7538048343778,22.665,51.3876454789615,53.5660996717398,87.3142601879904,6,2.98418382572367,67.6365264100269,10770,1.73076923076923,57.2963294538944,82.7023489208532,13,6.46573162240127,11.1906893464637,11520,8.514,38.6451805431215,118.899922958352,5,2.48681985476972,21.1727842435094,7770,0,0,0,0,0,0,0,0,0,0,0,0,0,0,0,0,0,0,0,53.4346008300781,0
"b_200_800",84.0118398931871,0.22721992114632,0.206824485298437,11,22.8187919463087,190.71,84.6979865771812,20.1342281879195,0,1,0.497141436738752,94.8098434004474,4050,1.455,19.537658463833,279.240782518517,6,2.98284862043251,4.34004474272931,3930,0.4275,5.96569724086503,463.064952039897,4,1.98856574695501,0.850111856823266,1200,0,0,0,0,0,0,0,0,0,0,0,0,0,0,0,0,0,0,0,111.484001159668,0
"b_201_800",85.1077688828966,0.216851565603936,0.197386801368146,12,21.0384959713518,95.76,85.4521038495971,17.3082661891973,67.0820393249937,2,0.994727941907888,95.2551477170994,3480,1.04142857142857,19.0987764846315,122.557490367847,7,3.48154779667761,3.62578334825425,3840,0.75,5.66994926887496,455.472858003908,3,1.49209191286183,1.11906893464637,1140,0,0,0,0,0,0,0,0,0,0,0,0,0,0,0,0,0,0,0,77.2201995849609,0
"b_202_800",49.4476737961314,0.724846520734858,0.659783736456851,30,76.8771458426631,75.825,58.5311240483654,58.5161964472309,152.970585407784,2,0.995173408966512,75.4590237348858,11760,1.28045454545455,64.9350649350649,89.5986018476432,22,10.9469074986316,14.0170174652933,13050,3.525,30.3030303030303,281.190500031717,6,2.98552022689954,10.5239587998209,6090,0,0,0,0,0,0,0,0,0,0,0,0,0,0,0,0,0,0,0,108.926002502441,0
"b_203_800",62.4451535486154,0.678982438349896,0.618036449576814,6,21.4669051878354,71.64,64.2665474060823,15.9511031604055,335.410196624968,2,0.993838203140529,71.1985688729875,3210,1.5,10.7334525939177,797.041117761917,3,1.49075730471079,2.23613595706619,2160,53.46,16.2492546213476,0,1,0.496919101570264,26.5652951699463,3270,0,0,0,0,0,0,0,0,0,0,0,0,0,0,0,0,0,0,0,85.9128036499023,0
"b_204_800",0,0,0,1,0,200.97,93.3273622928795,0,0,1,0.497586704483256,100,0,0,0,0,0,0,0,0,0,0,0,0,0,0,0,0,0,0,0,0,0,0,0,0,0,0,0,0,0,0,0,0,0,0,80.1890029907227,0
"b_205_800",50.7301398070985,0.901692167589985,0.650433409295246,38,93.5777082402027,26.478,48.5918641037103,65.1169721353003,103.416407864999,5,2.48348482590771,65.7577112203844,13110,1.23136363636364,72.7164357025779,91.8935865990827,22,10.9273332339939,13.455520786768,14640,4.05,45.4477723141112,109.947331922021,10,4.96696965181543,20.1162270898525,9150,0,0,0,0,0,0,0,0,1.35,0.670540902995083,0,0,0,0,0,0,0,0,0,46.2559013366699,66.4282521233795
"b_206_800",77.1424036950382,0.326952499664025,0.297604990437893,12,32.4510243756543,92.475,80.5742485419471,27.0674442949006,134.164078649987,2,0.996959274213648,92.1938088829071,5430,1.31142857142857,27.9647076416928,96.4785669886018,7,3.48935745974777,4.57604306864065,5610,2.16,9.86989681471512,278.494332412792,3,1.49543891132047,3.23014804845222,1980,0,0,0,0,0,0,0,0,0,0,0,0,0,0,0,0,0,0,0,140.018005371094,0
"b_207_800",80.3217304999136,0.347539260381567,0.250696583733352,14,35.0171360452988,92.43,79.2132320071524,30.9938906273283,67.0820393249937,2,0.993393930363085,91.81940098346,6240,1.31625,27.1196542989122,89.7030426776824,8,3.97357572145234,5.23021904336164,5460,1.74,10.1326180897035,351.049731745428,3,1.49009089554463,2.59275815824765,2040,0,0,0,0,0,0,0,0.357621814930711,0,0,0,0,0,0,0,0,0,0,0,79.0779037475586,0
"b_208_800",59.7833694589134,0.566443406480509,0.51559900824269,18,64.309161444345,32.976,66.7412712623098,52.8200537153089,60,5,2.48681985476972,82.0053715308863,10620,3.13,60.7281408534766,82.9027974459707,9,4.4762757385855,14.0107430617726,12210,2.0025,15.0701283199045,392.998180629919,4,1.98945588381578,3.98388540734109,3030,0,0,0,0,0,0,0,0,0,0,0,0,0,0,0,0,0,0,0,88.1872024536133,0
"b_209_800",76.4702144847878,0.38623646474414,0.35156758096379,10,21.6547192353644,60.3,81.0931899641577,13.4408602150538,100,3,1.49342891278375,90.0537634408602,2700,1.065,17.921146953405,81.1803398874989,6,2.9868578255675,3.18100358422939,3600,13.59,11.94743130227,0,1,0.497809637594584,6.76523297491039,2400,0,0,0,0,0,0,0,0,0,0,0,0,0,0,0,0,0,0,0,100.284450531006,0
"b_20_800",60.6002712681967,0.819401021912947,0.50912248032836,23,94.7478364667264,25.65,45.2103849597135,74.903014025664,71.357533361953,5,2.48681985476972,63.7869292748433,15060,9.20571428571429,92.6589077887198,89.4654008247104,7,3.48154779667761,32.0501342882722,18630,0.411428571428571,9.69859743360191,251.542778906898,7,3.48154779667761,1.43240823634736,1950,0,0,0,0,0,0,0,0,0.54,0.26857654431513,0,0,0,0,0,0,0,0,2.46195165622202,9.22758007049561,64.0555058191585
"b_210_800",78.0312130764224,0.320440388895102,0.291677411767881,15,29.1218637992832,185.67,81.5412186379928,22.5507765830346,0,1,0.497809637594584,92.4283154121864,4530,0.702,20.7586618876941,127.9149315849,10,4.97809637594584,3.49462365591398,4170,2.0475,14.9342891278375,285.535032714273,4,1.99123855037834,4.07706093189964,3000,0,0,0,0,0,0,0,0,0,0,0,0,0,0,0,0,0,0,0,156.119003295898,0
"b_211_800",45.0548337970389,0.758789388106864,0.690679865803043,23,93.6379928315412,73.845,53.9426523297491,73.9247311827957,94.8683298050514,2,0.995619275189168,73.5215053763441,14850,2.17285714285714,77.9569892473118,110.754298694134,14,6.96933492632417,15.1433691756272,15660,3.25285714285714,35.3942652329749,123.273263403357,7,3.48466746316209,11.3351254480287,7110,0,0,0,0,0,0,0,0,0,0,0,0,0,0,0,0,0,0,0,65.7596969604492,0
"b_212_800",74.7981693932837,0.359682569544959,0.327397183933757,14,39.6896448821247,181.98,79.1405550581916,31.6323485526708,0,1,0.497363970953944,90.5102954341987,6360,1.935,38.0483437779767,171.307012100661,8,3.97891176763155,7.69919427036705,7650,0.72,9.69859743360191,266.925091457978,5,2.48681985476972,1.7905102954342,1950,0,0,0,0,0,0,0,0,0,0,0,0,0,0,0,0,0,0,0,112.039001464844,0
"b_213_800",90.9582049345228,0.139213313416019,0.126717418739957,6,12.0913569189431,195.3,89.1625615763547,9.55366472607852,0,1,0.497586704483256,97.1786833855799,1920,1.65,12.0913569189431,426.984181519352,3,1.49276011344977,2.46305418719212,2430,0.36,2.53769219286461,212.132034355964,2,0.995173408966513,0.358262427227944,510,0,0,0,0,0,0,0,0,0,0,0,0,0,0,0,0,0,0,0,110.876998901367,0
"b_214_800",76.6546468983211,0.420216579698997,0.303122187815532,13,44.762757385855,88.785,74.6195165622202,40.5849000298418,60,2,0.994727941907888,88.3169203222918,8160,2.4975,41.1817367949866,119.00913781539,8,3.97891176763155,9.9373321396598,8280,1.26,5.07311250373023,150,2,0.994727941907888,1.25335720680394,1020,0,0,0,0,0,0,0,0,0.99,0.492390331244405,0,0,0,0,0,0,0,0,0,90.1921005249023,88.8093106535363
"b_215_800",46.1675200021094,0.830107190145337,0.755596126775268,23,66.6666666666667,27.252,55.2125279642058,42.9530201342282,116.832815729997,5,2.48570718369376,67.7404921700224,8640,1.2825,53.392990305742,104.438080670394,16,7.95426298782003,10.2013422818792,10740,22.185,36.9873228933632,697.78220097678,2,0.994282873477504,22.0581655480984,7440,0,0,0,0,0,0,0,0,0,0,0,0,0,0,0,0,0,0,0,114.813003540039,0
"b_22_800",44.4475923901737,0.98464702095221,0.710272687076923,24,114.101988933752,29.97,38.0439659039928,82.5482279048901,75,4,1.9939185484273,59.7577388963661,16560,8.35714285714286,101.241214296396,80.6023861975378,7,3.48935745974777,29.1610587707492,20310,1.71,26.3197248392403,154.856930688829,8,3.98783709685459,6.81920143562136,5280,0,0,0,0,0,0,0,0,1.71,4.26200089726335,0,0,0,0,0,0,0,0,0,13.8884000778198,64.0197397936294
"b_24_800",88.8431483807853,0.199834514162265,0.144150131290178,13,19.8270721526535,96.615,86.3148479427549,15.8020274299344,60,2,0.993838203140529,96.0196779964222,3180,0.54,15.5038759689922,112.974341892848,7,3.47843371099185,1.8783542039356,3120,1.32,7.15563506261181,133.851648071345,3,1.49075730471079,1.96779964221825,1440,0,0,0,0,0,0,0,0.134168157423971,0,0,0,0,0,0,0,0,0,0,0,925.030487060547,0
"b_25_800",81.0344079101607,0.422573394730129,0.262559612561278,13,32.6329906124274,180.54,78.7662047384891,24.2884815973774,0,1,0.496696965181543,89.6736700938757,4890,1.20857142857143,23.6924452391596,109.803740250837,7,3.4768787562708,4.20205632543585,4770,3.75,12.8147817016838,348.859486064907,3,1.49009089554463,5.58784085829236,2580,0,0,0,0,0,0,0,0.0894054537326777,0.9,0.447027268663388,0,0,0,0,0,0,0,0,0,824.692504882812,90.1206973625391
"b_27_800",38.0490899526388,1.25966268980401,0.782672434936559,49,152.125279642058,1.73571428571429,1.0738255033557,25.3542132736764,218.078218037935,7,3.47999005717126,6.04026845637584,5100,2.8935,107.38255033557,76.8771115490466,20,9.94282873477504,28.7695749440716,21600,15.375,107.680835197614,88.5410196624968,6,2.98284862043251,45.8612975391499,21660,0,0,0,0,0,0,0,0,1.665,1.65548098434004,2.53928571428571,54.4369873228934,100.541371035916,14,6.95998011434253,17.6733780760626,10950,0,0,743.9580078125,7.69574944071588
"b_28_800",45.5102518368191,1.3305279871399,0.74258180854662,33,120.274914089347,4.32,6.85791125056029,37.9500971163903,242.362633142696,7,3.48622939389412,15.0605109816226,7620,3.37846153846154,98.0128492454804,71.2964227606565,13,6.47442601723193,21.8735992828328,19680,15.33,73.0614074406096,123.006407545572,6,2.98819662333782,45.8090542357687,14670,0,0,0,0,0,0,0,0.672344240251008,0.54,0.537875392200807,8.055,24.3538024802032,181.691276606413,4,1.99213108222521,16.0466158673241,4890,0,0,728.360504150391,15.5983863738234
"b_2_800",62.6009009108387,0.978529350129986,0.607994469727674,8,35.2449223416965,113.04,47.4910394265233,25.9856630824373,0,1,0.497809637594584,56.2724014336918,5220,3.7125,25.089605734767,154.154167805821,4,1.99123855037834,7.39247311827957,5040,0,0,0,0,0,0,0,3.42,5.97371565113501,0,1,0.497809637594584,1.70250896057348,1200,34.1397849462366,0,0,0,0,0,0,0,0,0,0,0.492831541218638,10.5643997192383,0
"b_30_800",29.9913352217188,1.49026648845415,0.925954631080042,54,148.214552517556,3.16,5.0649932765576,46.9146869864037,137.642508373646,9,4.48229493500672,14.1640519946212,9420,3.312,94.5764231286419,68.3606797749979,15,7.47049155834454,24.7422680412371,18990,6.27,72.7625877782758,96.7464455694805,12,5.97639324667563,37.4719856566562,14610,0,0,0,0,0,0,0,0,2.57727272727273,14.1192290452712,2.72571428571429,27.1925892723741,144.483892898712,7,3.48622939389412,9.50246526221425,5460,0,0,683.653991699219,28.2832810398924
"b_31_800",51.1409215248474,1.05791952566062,0.657322359245676,36,99.8209489704566,6.057,17.3231871083259,60.5789316621904,86.716090935414,10,4.97363970953944,30.1253357206804,12180,1.64117647058824,70.5759474783647,88.1733261290936,17,8.45518750621705,13.876454789615,14190,54.18,53.4168904804536,108.16653826392,2,0.994727941907888,53.8943598925694,10740,0,0,0,0,0,0,0,0,0.615,1.83527305282005,0.54,2.38734706057893,0,1,0.497363970953944,0.26857654431513,480,0,0,758.804016113281,31.9606087735005
"b_32_800",52.1447445348149,1.30098670763188,0.668574912497104,37,102.220235434361,7.53,5.99016540008941,26.8216361198033,118.102496759067,3,1.49009089554463,11.2203844434511,5400,2.862,81.6569810758456,82.5825583246885,15,7.45045447772314,21.3232007152436,16440,15.2357142857143,56.9214722098048,94.6468283146417,7,3.4768787562708,52.9727313366115,11460,0,0,0,0,0,0,0,1.43048725972284,0.72,0.357621814930711,0.765,6.85441811950529,182.243325311723,4,1.98678786072617,1.51989271345552,1380,0,11.1756817165847,698.633514404297,11.5780062583818
"b_34_800",54.6663086173058,0.865008519590042,0.623971750769629,19,71.5563506261181,0.54,0,1.19260584376863,0,1,0.496919101570264,0.268336314847943,240,1.5,29.9642218246869,197.1787298354,9,4.47227191413238,6.70840787119857,6030,10.83,57.0960047704234,85.8835337202818,6,2.98151460942159,32.2898032200358,11490,0,0,0,0,0,0,0,0,0,0,40.74,54.8598688133572,189.442719099992,3,1.49075730471079,60.7334525939177,11040,0,0,744.671020507812,0
"b_35_800",57.8989019411409,1.14002342841977,0.548235382226145,44,115.942028985507,4.878,6.27521290900941,31.0772448827133,275.57841333414,5,2.49016385278151,12.1470192738682,6240,2.285,89.1976692066338,73.4799318999945,18,8.96458987001345,20.4840878529807,17910,17.4857142857143,77.8425220379501,76.8641858353445,7,3.48622939389412,60.9592111160914,15630,0.765,5.37875392200807,1215.64797536129,2,0.996065541112605,0.761990138951143,1080,0,0.81,1.21021963245182,1.35,13.1480651426864,187.34249049694,5,2.49016385278151,3.36172120125504,2640,0.134468848050202,0.941281936351412,731.466491699219,13.35723890632
"b_36_800",44.9931209860845,1.28226766796256,0.715647211572989,45,135.868754660701,4.35,6.1744966442953,34.1536167039523,153.442213015646,6,2.98284862043251,12.9753914988814,6870,2.84142857142857,85.6077554064131,63.79864078874,14,6.95998011434253,19.7762863534676,17220,10.755,100.521998508576,69.3196487105026,10,4.97141436738752,53.4675615212528,20220,0,0,0,0,0,0,0,0,2.16,2.14765100671141,2.178,36.5398956002983,155.42153601264,10,4.97141436738752,10.82774049217,7350,0,0.805369127516778,710.525024414062,15.1230425055928
"b_37_800",28.9173915155551,1.52503182728389,0.947555550606759,49,149.723839379012,9.126,11.4643976712942,52.0973279593969,169.477267507412,5,2.48793352241628,22.704881325571,10470,2.56764705882353,103.000447828034,83.1321452999169,17,8.45897397621536,21.7196596506941,20700,9.46285714285714,65.5321689804448,71.6347570376523,7,3.48310693138279,32.9601433049709,13170,0,0,0,0,0,0,0,0,2.34,12.807881773399,2.19,29.5566502463054,108.661345513419,9,4.47828034034931,9.80743394536498,5940,0,0,679.254028320312,35.51276309897
"b_3_800",64.2461248095902,0.867801658027878,0.48432932708415,23,78.4489187173751,25.02,44.6085011185682,67.8598061148397,88.6069736137942,5,2.48570718369376,62.1923937360179,13650,0.645,11.9313944817301,346.485489794424,6,2.98284862043251,1.92393736017897,2400,0,0,0,0,0,0,0,11.085,63.9821029082774,73.0056307974577,6,2.98284862043251,33.0648769574944,12870,0,0.87,1.29753914988814,0.855,5.07084265473527,666.108099335236,2,0.994282873477504,0.850111856823266,1020,0,0.671140939597315,1123.05004882812,63.4899328859061
"b_40_800",52.8270154498216,1.40144406092905,0.673952132261877,26,102.793963842821,15.7275,19.9462124607799,54.5345883759151,94.8683298050514,4,1.99213108222521,31.331241595697,10950,2.835,76.9460630509488,112.6965140839,10,4.98032770556303,14.1192290452712,15450,6.15,17.0327207530256,74.7213595499958,3,1.49409831166891,9.18870461676378,3420,1.17,3.58583594800538,0,1,0.498032770556303,0.582698341550874,720,3.04796055580457,0.45,0.448229493500672,27.45,37.9500971163903,214.852813742386,3,1.49409831166891,41.0129986553115,7620,0,0.268937696100403,761.619018554688,31.7794710891977
"b_41_800",62.6651336017804,1.0059594247247,0.516960880857251,28,79.2227204783259,13.95,7.9372197309417,24.6636771300448,150,2,0.996512207274539,13.9013452914798,4950,1.93909090909091,57.847533632287,101.220894489711,11,5.48081714000997,10.627802690583,11610,1.14,7.32436472346786,509.230328058345,3,1.49476831091181,1.70403587443946,1470,0,0,0,0,0,0,0,2.152466367713,1.395,1.39013452914798,23.295,49.9252615844544,64.7213595499958,6,2.98953662182362,69.6412556053812,10020,0,0.582959641255605,679.809020996094,15.2914798206278
"b_42_800",50.0006979957769,1.35340097328834,0.695510516734485,37,104.101416853095,10.8,9.30648769574944,31.3199105145414,294.244787752596,3,1.49142431021626,16.1073825503356,6300,3.42,78.5980611483967,74.2472717935348,12,5.96569724086503,20.4026845637584,15810,5.16,30.1267710663684,141.180339887499,6,2.98284862043251,15.3914988814318,6060,0,0,0,0,0,0,0,0.0447427293064877,0.792,1.96868008948546,10.27,52.3489932885906,144.157865866147,9,4.47427293064877,45.9507829977629,10530,0.134228187919463,0,681.880004882812,18.076062639821
"b_43_800",62.2885022088356,1.02976323753841,0.529193620804296,20,81.3190092509699,12.105,18.4870188003581,29.0957923008057,326.59448128764,4,1.98945588381578,24.08236347359,5850,6.426,65.8012533572068,88.6513428290667,5,2.48681985476972,15.9803043867502,13230,0.27,1.19367353028947,0,1,0.497363970953944,0.134288272157565,240,0,0,0,0,0,0,0,0.044762757385855,1.035,1.02954341987466,19.56,57.7439570277529,71.1803398874989,6,2.98418382572366,58.3706356311549,11610,0,0.35810205908684,688.690521240234,25.1119068934646
"b_44_800",42.3462260763624,1.26234683664342,0.784340189137372,40,106.726457399103,3.015,4.30493273542601,26.1584454409567,290.52592519154,6,2.98953662182362,9.01345291479821,5250,3.52384615384615,77.4289985052317,64.8612682388482,13,6.47732934728451,22.8251121076233,15540,2.34,36.7713004484305,131.641408341569,9,4.48430493273543,10.4932735426009,7380,0,0,0,0,0,0,0,0,1.746,4.34977578475336,15.2871428571429,47.6831091180867,117.438182360573,7,3.48779272546089,53.3183856502242,9570,0,0,671.455993652344,13.3632286995516
"b_45_800",52.2768289814938,1.38657265657545,0.66680049849121,35,102.862254025045,6.3,6.66368515205725,29.2188431723315,342.357501924122,4,1.98767640628106,12.5223613595707,5880,2.61,67.68038163387,116.10202980994,9,4.47227191413238,11.6726296958855,13620,5.265,18.783542039356,711.196175467782,2,0.993838203140529,5.23255813953488,3780,0,0,0,0,0,0,0,8.58676207513417,2.7,5.36672629695885,22.59,44.8717948717949,85.4164078649987,5,2.48459550785132,56.1270125223614,9030,0.178890876565295,0.313059033989267,738.813995361328,17.8890876565295
"b_46_800",66.6814509702525,0.814923245628813,0.454817323209073,28,66.5171898355755,2.142,2.152466367713,18.98355754858,71.357533361953,5,2.49128051818635,5.33632286995516,3810,2.52,47.2346786248132,86.1084507846901,10,4.9825610363727,12.5560538116592,9480,0.495,3.58744394618834,534.134814442946,2,0.996512207274539,0.493273542600897,720,0,0,0,0,0,0,0,1.97309417040359,1.2825,2.55605381165919,51.57,41.4050822122571,121.231056256177,3,1.49476831091181,77.085201793722,8310,0,0,684.369018554688,7.89237668161435
"b_47_800",55.6096498853945,1.13701131949699,0.584308232345146,44,108.572281959379,2.07,1.7921146953405,10.3046594982079,445.394485934739,4,1.99123855037834,4.12186379928315,2070,1.125,54.0621266427718,134.358088640526,16,7.96495420151334,8.96057347670251,10860,3.186,53.4647550776583,73.3885222197424,10,4.97809637594584,15.8602150537634,10740,0,0,0,0,0,0,0,0.985663082437276,2.61,5.19713261648745,21.63,73.9247311827957,63.5410196624968,6,2.9868578255675,64.6057347670251,14850,0.268817204301075,0,686.901000976562,9.31899641577061
"b_49_800",50.68937607874,1.08716846153697,0.67549574490435,37,86.8460388639761,5.2875,5.82959641255605,20.9267563527653,353.213809094814,4,1.99302441454908,10.5381165919283,4200,1.35,35.1270553064275,182.538043125554,13,6.47732934728451,8.74439461883408,7050,2.23363636363636,44.9925261584454,126.330771298042,11,5.48081714000997,12.2421524663677,9030,0,0,0,0,0,0,0,0,1.4625,2.91479820627803,26.316,57.9970104633782,74.8328157299975,5,2.49128051818635,65.5605381165919,11640,0,0,692.705993652344,13.4529147982063
"b_50_800",93.5507216581714,0.108674304188737,0.0989196145989653,3,4.91729995529727,197.01,90.5230219043362,4.91729995529727,0,1,0.496696965181543,97.8542691104157,990,0.27,0.745045447772314,0,1,0.496696965181543,0.134108180599017,150,0,0,0,0,0,0,0,0,0,0,0,0,0,0,2.01162270898525,0,0,0,0,0,0,0,0,0,0,0,742.570007324219,0
"b_51_800",76.3371518449447,0.550535043631473,0.342066655307535,9,33.0948121645796,81.72,69.5885509838998,27.2808586762075,123.69316876853,2,0.993838203140529,81.216457960644,5490,0.78,8.34824090638044,90,3,1.49075730471079,1.16279069767442,1680,0.27,2.08706022659511,120,2,0.993838203140529,0.268336314847943,420,0,0,0,0,0,0,0,17.1735241502683,0,0,0,0,0,0,0,0,0,0.178890876565295,0,709.867004394531,0
"b_52_800",88.7878802442055,0.259368279215754,0.16115457279336,6,15.9653834676216,190.26,86.2130707251567,10.7430617726052,0,1,0.497363970953944,94.6284691136974,2160,2.655,11.9367353028947,67.0820393249937,2,0.994727941907888,2.64100268576544,2400,0.72,1.7905102954342,0,1,0.497363970953944,0.35810205908684,360,0.09,0.44762757385855,0,1,0.497363970953944,0.044762757385855,90,2.32766338406446,0,0,0,0,0,0,0,0,0,0,0,722.614990234375,0
"b_53_800",60.2767323612101,0.915811806118575,0.511124300915867,32,102.770330652368,44.76,47.9445933869526,71.1945189156985,91.6227766016838,3,1.48942508191838,66.6666666666667,14340,1.99285714285714,74.9180816204945,88.4761647889836,14,6.95065038228577,13.8516532618409,15090,3.36272727272727,51.3851653261841,91.9852419855214,11,5.46122530036739,18.3646112600536,10350,0.27,0.595770032767352,0,1,0.496475027306126,0.134048257372654,120,0,0.63,0.31277926720286,0.675,5.06404527852249,997.24620831568,2,0.992950054612253,0.670241286863271,1020,0,0,924.217010498047,66.9794459338695
"b_54_800",45.5489517126336,1.12497121055871,0.698983913493945,47,126.544588357898,12.18,31.8892362661903,101.682298645229,70.0731971348758,9,4.46627958910228,54.3992853952657,20490,1.063125,50.1712073842489,135.558985161621,16,7.94005260284849,8.4412684234033,10110,1.87,26.6488015483103,176.709149671282,9,4.46627958910228,8.35194283162126,5370,5.21181818181818,72.0559773708501,84.8651370167393,11,5.45878616445834,28.4502009825815,14520,0,0,0,0.36,2.53089176715796,1418.90803084626,2,0.992506575356062,0.357302367128182,510,0,0,963.203979492188,0
"b_55_800",37.6729583090251,1.26079933546024,0.783378672590992,59,153.811659192825,8.58272727272727,24.5739910313901,106.875934230194,69.9971488956478,11,5.48081714000997,47.0403587443946,21450,1.9575,97.1599402092676,99.5410015575362,20,9.96512207274539,19.5067264573991,19500,3.121875,69.8056801195815,108.766205924075,16,7.97209765819631,24.8878923766816,14010,2.535,26.9058295964126,107.082039324994,6,2.98953662182362,7.57847533632287,5400,0,0,0,0.33,6.87593423019432,160.685641900001,6,2.98953662182362,0.986547085201794,1380,0,0,938.9169921875,0
"b_56_800",52.4843266508962,1.07066500080471,0.597549514425609,56,126.138229586505,19.41,36.1397223466189,92.4018510225407,66.1803398874989,6,2.98552022689954,57.94894760412,18570,0.853333333333333,73.4437975817286,109.14578145614,27,13.4348410210479,11.4643976712942,14760,4.15384615384615,66.5771010598597,144.533039285838,13,6.46862715828233,26.8696820420958,13380,1.17,4.47828034034931,934.344690143846,2,0.995173408966512,1.16435288849082,900,0,0.45,0.223914017017465,0.668571428571429,14.1812210777728,279.103143594383,7,3.48310693138279,2.32870577698164,2850,0,0,981.47802734375,58.1728616211375
"b_57_800",58.5329121442504,0.846249844194095,0.52580459156342,30,101.494768310912,145.71,51.3452914798206,76.831091180867,0,1,0.498256103637269,72.6008968609865,15420,2.1,83.1091180866966,91.0147382383529,15,7.47384155455904,15.695067264574,16680,2.11,31.9880418535127,135.619859011718,9,4.48430493273543,9.46188340807175,6420,1.71,1.94319880418535,0,1,0.498256103637269,0.852017937219731,390,0,0,0,0.6975,9.11808669656203,120,4,1.99302441454908,1.39013452914798,1830,0,0,930.379028320312,0
"b_58_800",27.8562746062101,1.28892429212109,0.929762342162209,53,147.849462365591,5.44909090909091,15.8602150537634,64.5161290322581,91.0356960204472,11,5.47590601354042,29.8387096774194,12960,2.19913043478261,110.812425328554,70.8140691793026,23,11.4496216646754,25.1792114695341,22260,9.10125,79.1517323775388,105.272151606986,8,3.98247710075667,36.2455197132617,15900,0,0,0,0,0,0,0,0,0,0,1.59545454545455,41.2186379928315,136.649776967974,11,5.47590601354042,8.73655913978495,8280,0,0,928.733489990234,0
"b_59_800",39.2806669566806,1.35552255117191,0.756531540338899,68,171.437090041741,10.60875,22.6296958855098,88.40190816935,91.044300324543,8,3.97535281256212,42.1735241502683,17790,2.24217391304348,124.925462134764,76.3845295187989,23,11.4291393361161,25.6261180679785,25140,1.95631578947368,61.8664281454979,91.9700715914489,19,9.44146292983502,18.4704830053667,12450,0.585,4.77042337507454,90,2,0.993838203140529,0.581395348837209,960,0,0,0,1.638,58.7358378056053,85.7167705843898,15,7.45378652355397,12.2093023255814,11820,0,0.9391771019678,915.309997558594,0
"b_60_800",74.7784872874632,0.462744207255136,0.33379938650354,12,41.6853428955625,177.66,75.1232631107127,34.9619004930524,0,1,0.498032770556303,88.4805020170327,7020,2.265,31.3760645450471,192.758496801792,6,2.98819662333782,6.76826535186015,6300,1.755,12.251606155685,311.104578973979,4,1.99213108222521,3.49619004930524,2460,2.52,4.78111459734051,0,1,0.498032770556303,1.25504258180188,960,0,0,0,0,0,0,0,0,0,0,0,0,1000.20001220703,0
"b_61_800",29.5538189896287,1.4273988657759,0.886892780857336,63,174.816808733363,3.24,8.56886496186631,67.2947510094213,119.08464604602,14,6.97871491949554,22.6110363391655,13500,3.06,131.44908030507,73.8463382271834,20,9.96959274213648,30.5069537909376,26370,5.445,74.6224016748916,133.400072832203,10,4.98479637106824,27.1422162404666,14970,0,0,0,0,0,0,0,0,0,0,2.14411764705882,70.2856288320622,100.994415772859,17,8.47415383081601,18.1695827725437,14100,0,1.5702108568865,965.870971679688,0
"b_62_800",31.6102665541298,1.18466976453662,0.85455859719404,62,148.860080464908,11.53,31.9624497094323,87.0213082998063,85.6933539904418,9,4.47027268663389,51.5422440768887,17520,1.16608695652174,76.8886902101028,97.674449454566,23,11.4240301991755,13.321412606169,15480,2.845,91.0445537177768,95.6598300601216,18,8.94054537326777,25.4358515869468,18330,0,0,0,0,0,0,0,0,0,0,1.6275,42.7656087021308,136.888701813648,12,5.96036358217851,9.70049172999553,8610,0,0,955.663024902344,0
"b_63_800",49.7434312749149,1.17503161956699,0.655797633414058,50,121.809225257501,9.891,31.7510076130766,74.0409016271085,88.7898286325124,10,4.97586704483256,49.2163009404389,14880,1.06578947368421,62.8452007762353,114.785376513998,19,9.45414738518187,10.0761307657859,12630,6.24272727272727,74.0409016271085,87.372698634459,11,5.47345374931582,34.1692789968652,14880,2.565,9.85221674876848,510,2,0.995173408966513,2.5526197939991,1980,0.134348410210479,0,0,1.10571428571429,21.6450216450216,224.650297492746,7,3.48310693138279,3.8513210927004,4350,0,0,956.31201171875,0
"b_64_800",40.1815563540434,1.49039979930868,0.765913986332942,59,168.757467144564,4.92,13.7096774193548,77.21027479092,97.421554479284,12,5.97371565113501,29.3906810035842,15510,4.29545454545454,107.078853046595,94.3816104430024,11,5.47590601354042,23.5215053763441,21510,2.95578947368421,87.2162485065711,107.637352915955,19,9.45838311429709,27.9569892473118,17520,0.99,3.28554360812425,0,1,0.497809637594584,0.492831541218638,660,0.582437275985663,0,0,2.26285714285714,56.1529271206691,121.757913217315,14,6.96933492632417,15.7706093189964,11280,0,2.28494623655914,973.8330078125,0
"b_65_800",43.6808913313124,1.36921837262837,0.703639052035928,69,170.764416629414,3.84,12.8743853375056,81.9549992549546,106.332794098419,15,7.45045447772314,28.6097451944569,16500,2.48727272727273,126.061689763076,76.4077937103215,22,10.9273332339939,27.179257934734,25380,4.18235294117647,94.6207718670839,89.5846601917594,17,8.44384840808623,35.3151542244077,19050,0.27,0.745045447772314,0,1,0.496696965181543,0.134108180599017,150,0.447027268663388,0,0,1.197,29.3547906422292,218.019223974904,10,4.96696965181543,5.94546267322307,5910,0,2.36924452391596,951.97900390625,0
"b_66_800",40.1749726211882,1.29069529448896,0.8019540763377,43,118.674429019257,12.4714285714286,29.7805642633229,60.6060606060606,98.2253990333518,7,3.48310693138279,43.4393193013883,12180,1.81421052631579,76.8771458426631,98.4614748014047,19,9.45414738518187,17.1518137035378,15450,6.76125,52.2466039707419,124.270683502029,8,3.98069363586605,26.9144648454993,10500,0.54,1.79131213613972,0,1,0.497586704483256,0.268696820420958,360,0,0,0,3.07125,45.8277354829079,141.545610953348,8,3.98069363586605,12.2257053291536,9210,0,0,1024.46997070312,0
"b_67_800",38.5768640434899,1.42039112939508,0.792735383174521,64,149.589858314691,4.01625,16.4653243847875,73.0797912005966,114.512366464671,16,7.95426298782004,31.9463087248322,14700,2.31,72.0357941834452,103.236243565768,15,7.45712155108128,17.2259507829978,14490,2.8485,79.6420581655481,86.7104617238301,20,9.94282873477504,28.3221476510067,16020,0,0,0,0,0,0,0,0.178970917225951,0,0,3.84545454545455,68.1580909768829,110.09834601181,11,5.46855580412627,21.0290827740492,13710,0,1.29753914988814,1036.18994140625,0
"b_68_800",56.8784473002774,1.06736367370929,0.595707008691932,35,83.7063563115488,28.6425,43.6884512085945,52.6708445240227,75,4,1.98945588381578,56.9829901521934,10590,1.14230769230769,45.8072217248583,117.575848576793,13,6.46573162240127,7.38585496866607,9210,4.9425,48.4929871680095,126.428411819115,12,5.96836765144733,29.4986571172784,9750,0.45,1.7905102954342,0,1,0.497363970953944,0.223813786929275,360,0.35810205908684,0,0,2.79,16.263801850194,95.3876040467618,4,1.98945588381578,5.55058191584602,3270,0,0,1033.89001464844,0
"b_69_800",0,0,0,1,0,200.88,93.3243727598566,0,0,1,0.497809637594584,100,0,0,0,0,0,0,0,0,0,0,0,0,0,0,0,0,0,0,0,0,0,0,0,0,0,0,0,0,0,0,0,0,0,0,990.556030273438,0
"b_70_800",77.5671181837339,0.31827199949564,0.289703658677888,8,32.8407224958949,60.9,78.9072995969548,31.0494103597552,62.3606797749979,3,1.49276011344977,90.9090909090909,6240,5.88,32.243618450515,95.7115546859236,3,1.49276011344977,8.77742946708464,6480,0.315,2.38841618151963,391.152144312159,2,0.995173408966513,0.313479623824451,480,0,0,0,0,0,0,0,0,0,0,0,0,0,0,0,0,0,0,0,1009.98999023438,0
"b_71_800",33.1728649363362,1.36877668382177,0.850468771269123,51,156.669650850492,6.06,8.05729632945389,49.2390331244405,139.810682009815,6,2.98418382572366,18.0841539838854,9900,3.03428571428571,90.420769919427,125.964729385939,14,6.96309559335522,21.1280214861235,18180,2.4255,80.8713816771113,85.6651852217716,20,9.94727941907888,24.1271262309758,16260,0,0,0,0,0,0,0,0.35810205908684,0,0,7.299,90.420769919427,67.6098931717367,10,4.97363970953944,36.3025962399284,18180,0,0,944.252990722656,0
"b_72_800",62.9444643820179,0.793660934410995,0.493129264744776,23,79.826917338108,37.98,61.1459265890779,57.4455386451805,75,4,1.98945588381578,75.5595344673232,11550,5.4,71.4712026260818,136.597366828632,6,2.98418382572366,16.1145926589078,14370,1.215,16.7114294240525,150.331020041765,8,3.97891176763155,4.83437779767234,3360,0,0,0,0,0,0,0,1.65622202327663,0,0,1.23,5.96836765144733,349.507876704158,3,1.49209191286183,1.83527305282005,1200,0,0,976.5830078125,0
"b_73_800",73.436351844733,0.392230996972068,0.357024039342929,8,34.123081507972,179.19,76.5757711220384,33.0800178810907,0,1,0.496696965181543,89.0031291908806,6660,3.78,28.7587542840113,79.4164078649987,5,2.48348482590771,9.38757264193116,5790,0,0,0,0,0,0,0,0,0,0,0,0,0,0,0,0,0,1.62,6.4073908508419,60,2,0.993393930363086,1.6092981671882,1290,0,0,1007.76000976562,0
"b_74_800",39.5661182030639,1.35965704404859,0.758839044748774,58,164.35081428358,1.726875,2.3307933662035,58.867473479755,116.610453329664,16,7.96852432890084,13.7606454504706,11820,12.0375,136.859405348872,67.7418566334224,8,3.98426216445042,47.9605558045719,27480,1.27125,41.3865232332288,113.74174680268,16,7.96852432890084,10.1299865531152,8310,0,0,0,0,0,0,0,0.134468848050202,0,0,3.03,74.8543254146123,130.83740688594,15,7.47049155834454,22.635589421784,15030,0,5.37875392200807,943.789001464844,0
"b_75_800",68.3240166558505,0.763330287672344,0.426022745118356,39,72.0680393912265,39.6,65.6222023276634,47.1501044464339,75.9674265336897,4,1.98945588381578,78.7824529991047,9480,1.26,49.2390331244405,125.831809541762,15,7.46045956430916,9.40017905102954,9900,1.15714285714286,29.8418382572366,123.204090589298,14,6.96309559335522,8.05729632945389,6000,1.53,2.6857654431513,0,1,0.497363970953944,0.760966875559534,540,0.223813786929275,0,0,1.395,13.7272455983289,504.977894296558,4,1.98945588381578,2.77529095792301,2760,0,0,959.888000488281,0
"b_76_800",27.8961377891046,1.26008187877212,0.908956938809291,52,156.529516994633,7.434,19.9016100178891,79.9045915324985,101.258426724025,10,4.96919101570264,36.9409660107334,16080,3.24529411764706,126.416219439475,78.4283742572741,17,8.44762472669449,27.4150268336315,25440,6.51,68.7239117471676,82.3606797749979,9,4.47227191413238,29.1144901610018,13830,0,0,0,0,0,0,0,0,0,0,0.82125,38.0143112701252,153.751148902839,16,7.95070562512423,6.52951699463327,7650,0,0,971.710021972656,0
"b_77_800",43.0133919453747,1.32892442425303,0.741686843059114,44,141.618064902049,11.3014285714286,26.1552265589951,56.0789591745177,105.423346416333,7,3.48935745974777,39.4347240915209,11250,4.5825,110.213847764319,76.8524079633387,12,5.98175564528189,27.4113952445043,22110,4.662,65.3506804247046,91.9939442272701,10,4.98479637106824,23.2391206819201,13110,0,0,0,0,0,0,0,0.53835800807537,0,0,1.4925,45.6108867952744,131.792759192128,12,5.98175564528189,8.92777030058322,9150,0,0.448631673396142,968.344970703125,0
"b_78_800",22.8944349975747,1.34035379144353,0.966860883976147,65,167.411379207626,8.62,20.1072386058981,85.9398272266905,87.9881886315958,9,4.46827524575514,38.5165326184093,17310,1.57153846153846,103.663985701519,68.8934719957605,26,12.9083507099593,20.2859696157283,20880,2.22352941176471,56.5981531128984,136.76011900153,17,8.44007546420415,18.7667560321716,11400,0,0,0,0,0,0,0,0,0,0,3.47538461538462,88.6207923741436,84.2663708736727,13,6.45417535497965,22.4307417336908,17850,0,0,924.177001953125,0
"b_79_800",45.4612930701401,1.43643233481145,0.738180195785917,49,134.557945041816,16.47,28.0017921146953,62.5746714456392,144.028486221772,5,2.48904818797292,40.994623655914,12570,1.44,69.8924731182796,112.329051200908,20,9.95619275189168,14.336917562724,14040,2.71285714285714,66.4575866188769,109.785032105169,14,6.96933492632417,18.9068100358423,13350,0.99,9.55794504181601,67.0820393249937,3,1.49342891278375,1.47849462365591,1920,0.448028673835125,0,0,11.34,52.7180406212664,108.023431780746,4,1.99123855037834,22.5806451612903,10590,0,1.25448028673835,984.043029785156,0
"b_7_800",55.5393404493318,1.26141875577932,0.648241007629104,35,77.7379886601015,36.99,42.2560429722471,46.404058490003,103.245553203368,3,1.49209191286183,55.1924798567592,9330,0.78,20.4416592062071,114.876135799714,9,4.4762757385855,3.49149507609669,4110,2.8575,16.1145926589078,316.752809061028,4,1.98945588381578,5.68487018800358,3240,1.404,12.3843628767532,166.741078857938,5,2.48681985476972,3.49149507609669,2490,26.0966875559534,1.60714285714286,5.59534467323187,0,0,0,0,0,0,0,0.44762757385855,0,1111.36999511719,60.787824529991
"b_80_800",47.7281377504337,1.18451337337172,0.66108950097082,52,148.015517755894,10.39,25.6938227394808,91.4652342584303,80.9269567804222,9,4.4762757385855,46.5085049239033,18390,2.8845,128.916741271262,82.4841388080038,20,9.94727941907888,28.692927484333,25920,2.886,58.0423754103253,126.646370168623,15,7.46045956430916,21.5308863025962,11670,0,0,0,0,0,0,0,0.671441360787825,0,0,0.882,9.84780662488809,443.329792963626,5,2.48681985476972,2.19337511190689,1980,0,0.402864816472695,938.820983886719,0
"b_81_800",40.2950613974684,1.38928390309352,0.775374109613085,46,146.253925527142,7.128,19.2462987886945,74.4728577837595,91.4472574866498,10,4.98479637106824,35.5316285329744,14940,14.832,117.840586212053,127.809578336236,5,2.49239818553412,36.9672498878421,23640,1.57153846153846,43.8163601016899,137.288015978339,13,6.48023528238871,10.1839389860924,8790,0,0,0,0,0,0,0,0.583221175414984,0,0,1.96615384615385,40.2273067145207,153.245516572561,13,6.48023528238871,12.7411395244504,8070,0,3.99282189322566,925.505493164062,0
"b_82_800",97.9599757419376,0.0237613531260355,0.0342803863197429,3,1.64277180406213,200.16,92.9659498207885,1.64277180406213,0,1,0.497809637594584,99.6415770609319,330,0,0,0,0,0,0,0,0,0,0,0,0,0,0,0,0,0,0,0,0,0,0.3584229390681,0,0,0,0,0,0,0,0,0,0,0,933.377990722656,0
"b_83_800",43.8281231322015,1.17793068625352,0.731889485859092,55,131.904123864821,14.265,40.1518535060295,73.3958612475808,80.6687461150266,8,3.97002630142425,56.6324251898169,14790,1.67571428571429,94.8340032752717,78.2741938139173,21,10.4213190412386,17.4631531933899,19110,2.24357142857143,54.6374869733512,116.557439063737,14,6.94754602749243,15.587315765967,11010,0,0,0,0,0,0,0,0.759267530147387,0,0,2.14,36.1768646717285,190.178100563404,9,4.46627958910228,9.55783832067887,7290,0,0,926.633972167969,0
"b_84_800",39.2038372267346,1.38342977125224,0.772106856423239,60,162.109666816076,4.22307692307692,12.640071716719,73.5096369341103,98.1704554666711,13,6.47442601723193,27.341999103541,14760,3.121875,115.045569998506,91.5523104785736,16,7.96852432890084,24.8767368892873,23100,5.04,81.1295383236217,86.4430559044713,14,6.97245878778824,35.1411922904527,16290,0,0,0,0,0,0,0,1.34468848050202,0,0,2.02090909090909,45.4205886747348,127.052785824949,11,5.47836047611933,11.0712684894666,9120,0,0.224114746750336,922.648010253906,0
"b_85_800",0,0,0,1,0,200.7,93.3183856502242,0,0,1,0.49825610363727,100,0,0,0,0,0,0,0,0,0,0,0,0,0,0,0,0,0,0,0,0,0,0,0,0,0,0,0,0,0,0,0,0,0,0,914.947021484375,0
"b_86_800",43.7350679357782,1.220626304942,0.758417765302878,39,111.509180474698,21.276,37.9310344827586,62.2480967308554,92.6038704012611,5,2.48793352241628,52.9332736229288,12510,2.90117647058824,90.162710852366,84.6832490057132,17,8.45897397621536,24.5409762651142,18120,2.2875,42.9914912673533,155.544659404393,12,5.97104045379907,13.6587550380654,8640,0,0,0,0,0,0,0,2.46305418719212,0,0,4.29,19.7044334975369,309.538192886524,3,1.49276011344977,6.40394088669951,3960,0,0,928.10400390625,0
"b_87_800",39.3969511234563,1.34711684155227,0.83701075459003,40,116.383169203223,24.75,25.2909579230081,57.4455386451805,156.524758424985,3,1.49209191286183,36.9292748433303,11550,3.39,92.808116980006,91.3228961109307,15,7.46045956430916,25.2909579230081,18660,5.139,52.0740077588779,137.938717159513,10,4.97363970953944,25.5595344673232,10470,0,0,0,0,0,0,0,0.671441360787825,0,0,2.322,28.0513279618024,121.882250993909,10,4.97363970953944,11.5487914055506,5640,0,0,926.945007324219,0
"b_88_800",0,0,0,1,0,200.7,93.3632286995516,0,0,1,0.49825610363727,100,0,0,0,0,0,0,0,0,0,0,0,0,0,0,0,0,0,0,0,0,0,0,0,0,0,0,0,0,0,0,0,0,0,0,946.504028320312,0
"b_89_800",0,0,0,1,0,200.79,93.3662034961901,0,0,1,0.498032770556303,100,0,0,0,0,0,0,0,0,0,0,0,0,0,0,0,0,0,0,0,0,0,0,0,0,0,0,0,0,0,0,0,0,0,0,907.712982177734,0
"b_8_800",85.6112827518205,0.325138771005074,0.20202007700523,11,25.8016405667412,93.825,83.6241610738255,16.2565249813572,120,2,0.994282873477504,93.2885906040269,3270,2.46,18.4936614466816,260.227155455452,3,1.49142431021626,3.66890380313199,3720,1.305,6.26398210290828,120,2,0.994282873477504,1.29753914988814,1260,0,0,0,0,0,0,0,0.939597315436242,0.81,0.805369127516778,0,0,0,0,0,0,0,0,0,1015.28002929688,94.0939597315436
"b_93_800",38.4140302234776,0.906008654046291,0.824684616576318,29,87.6327202033797,4.05,7.76132794975325,38.5823239120682,184.245698919051,8,3.98783709685459,16.1507402422611,7740,2.26,74.1737700014954,108.467070803727,18,8.97263346792284,20.2781516375056,14880,42.51,62.5093464931958,90,3,1.49543891132047,63.5711081202333,12540,0,0,0,0,0,0,0,0,0,0,0,0,0,0,0,0,0,0,0,837.317993164062,0
"b_94_800",39.8595649416622,1.10104621088811,0.79423695411893,34,114.396654719235,5.91,14.2921146953405,56.3022700119474,115.653954039827,9,4.48028673835125,26.4784946236559,11310,3.636,99.6117084826762,95.7556392473693,15,7.46714456391876,27.1505376344086,20010,15.27,65.8602150537634,90.4668436981694,6,2.9868578255675,45.6093189964158,13230,0,0,0,0,0,0,0,0.761648745519713,0,0,0,0,0,0,0,0,0,0,0,812.739990234375,0
"b_95_800",47.4231653442659,0.805598361004075,0.733287229092197,22,67.4727571279295,7.3125,9.35960591133005,25.3769219286461,240.623188295476,4,1.99034681793302,14.5544111061352,5100,1.72588235294118,62.2480967308554,124.783056828949,17,8.45897397621536,14.5991939095387,12510,142.38,47.3204955963577,0,1,0.497586704483256,70.846394984326,9510,0,0,0,0,0,0,0,0,0,0,0,0,0,0,0,0,0,0,0,868.176025390625,0
"b_96_800",75.4479222097838,0.594630604313453,0.369464767618242,13,35.3625783348254,168.03,74.08236347359,22.2321695016413,0,1,0.497363970953944,83.5720680393912,4470,1.305,6.86362279916443,589.406481131655,2,0.994727941907888,1.29811996418979,1380,0,0,0,0,0,0,0,0,0,0,0,0,0,0,5.59534467323187,0.09,0.044762757385855,0,0,0,0,0,0,0,9.48970456580125,0,21.3891997337341,83.6168307967771
"b_99_800",50.3854197887307,1.10619368417825,0.687316780369149,31,93.5960591133005,18.45,34.4827586206897,50.1567398119122,168,5,2.48793352241628,45.9023734885804,10080,2.390625,77.474249888043,102.149614863565,16,7.9613872717321,19.0326914464846,15570,8.47125,52.6944320047768,134.108704068955,8,3.98069363586605,33.7214509628303,10590,1.8,3.8811762949694,0,1,0.497586704483256,0.895656068069861,780,0.447828034034931,0,0,0,0,0,0,0,0,0,0,0,826.986022949219,0
